client_id,Nombre,Estado,Salario,Educacion,Ocupacion,TieneCasa,Autos,DistanciaTienda
AM-11365,Araceli Manzanares,Casado,90000,Universitario,Profesional Independiente,Si,0,1-2 Km
BS-12130,Benjamín Saavedra,Soltero,90000,Universitario,Profesional Independiente,No,1,0-1 Km
AT-10090,Alejandro Trejo,Casado,90000,Universitario,Profesional Independiente,Si,1,2-5 Km
AJ-10840,Amador Jasón,Soltero,70000,Universitario,Profesional Independiente,No,1,5-10 Km
LG-17920,Leonor Gómez,Soltero,80000,Universitario,Profesional Independiente,Si,4,1-2 Km
CV-12475,Cristina Vergara,Soltero,70000,Universitario,Profesional Independiente,Si,1,5-10 Km
EC-14410,Eusebio Cano,Soltero,70000,Universitario,Profesional Independiente,Si,1,5-10 Km
HS-15655,Héctor Salcido,Casado,90000,Universitario,Profesional Independiente,Si,2,0-1 Km
WV-21820,Wendi Valdés,Soltero,90000,Universitario,Profesional Independiente,Si,3,10+ Km
IC-16405,Iris Casares,Soltero,70000,Universitario,Profesional Independiente,No,1,5-10 Km
TA-21175,Teodora Atencio,Soltero,70000,Universitario,Profesional Independiente,No,1,5-10 Km
AR-10525,Amalia Ríos,Casado,90000,Universitario,Profesional Independiente,Si,4,10+ Km
FF-14890,Fidel Ferrer,Casado,100000,Secundario,Comerciante,Si,2,1-2 Km
NM-19390,Nidia Mena,Casado,100000,Secundario,Comerciante,Si,3,0-1 Km
VC-21490,Valeria Caldera,Soltero,100000,Secundario,Comerciante,No,3,1-2 Km
RC-20440,Reinaldo Córdova,Soltero,60000,Universitario en Curso,Técnico,No,1,5-10 Km
AV-10825,Amelia Vega,Casado,60000,Universitario en Curso,Técnico,Si,1,5-10 Km
NP-19210,Natalia Paredes,Soltero,90000,Educación Técnica,Técnico,Si,2,5-10 Km
BF-12040,Bibiana Ferro,Soltero,80000,Universitario,Profesional Empleado,Si,2,5-10 Km
TC-21085,Tina Cardona,Soltero,50000,Educación Técnica,Técnico,No,2,5-10 Km
AH-11305,Ariadna Hernández,Soltero,50000,Educación Técnica,Técnico,No,2,1-2 Km
AR-11335,Adriana Rocha,Soltero,60000,Universitario en Curso,Técnico,No,1,1-2 Km
FV-14740,Felipe Vélez,Casado,60000,Universitario en Curso,Técnico,Si,1,5-10 Km
VC-21535,Victoria Chavarría,Casado,60000,Universitario en Curso,Técnico,Si,1,1-2 Km
PS-19870,Paola Solís,Casado,60000,Universitario en Curso,Técnico,Si,2,5-10 Km
AF-10195,Adela Feliciano,Casado,150000,Doctorado,Profesional Empleado,Si,2,1-2 Km
AR-10420,Azucena Rodríguez,Soltero,80000,Universitario,Profesional Empleado,No,2,1-2 Km
JA-16990,Julieta Almanza,Casado,80000,Universitario,Profesional Empleado,Si,2,5-10 Km
ÁC-10915,Ángel Chávez,Casado,80000,Universitario,Profesional Empleado,Si,2,1-2 Km
OG-19795,Olvido Godoy,Casado,80000,Universitario,Profesional Empleado,Si,2,1-2 Km
AD-10735,Alejandra Duarte,Casado,150000,Doctorado,Profesional Empleado,Si,2,1-2 Km
BH-11935,Begoña Hinojosa,Casado,90000,Educación Técnica,Técnico,Si,2,1-2 Km
CB-12445,Ciro Becerra,Casado,90000,Educación Técnica,Técnico,Si,2,1-2 Km
UR-21355,Unai Rubalcaba,Casado,90000,Educación Técnica,Técnico,Si,2,5-10 Km
LL-17845,Lidia Laureano,Casado,90000,Educación Técnica,Técnico,Si,2,5-10 Km
MA-18685,María Acosta,Casado,150000,Doctorado,Profesional Empleado,Si,2,1-2 Km
AY-11440,Asunción Ybarra,Casado,60000,Universitario en Curso,Técnico,Si,2,1-2 Km
AB-10180,Adela Blanco,Soltero,160000,Doctorado,Profesional Empleado,No,2,5-10 Km
IS-16585,Izaskun Sosa,Casado,150000,Doctorado,Profesional Empleado,Si,2,5-10 Km
SP-20770,Sergio Porras,Casado,80000,Universitario,Profesional Empleado,Si,2,5-10 Km
SN-20875,Santiago Núñez,Casado,60000,Universitario en Curso,Técnico,Si,2,1-2 Km
IR-16360,Irati Rodríguez,Casado,60000,Universitario en Curso,Técnico,Si,2,1-2 Km
KÁ-17245,Katia Ávila,Casado,70000,Universitario en Curso,Técnico,Si,2,0-1 Km
AA-11005,Andrés Arellano,Casado,60000,Universitario en Curso,Técnico,Si,2,5-10 Km
AL-11215,Anya Leyva,Casado,160000,Doctorado,Profesional Empleado,Si,2,1-2 Km
AE-11320,Ares Espinosa,Soltero,50000,Educación Técnica,Técnico,No,2,1-2 Km
GV-15430,Germán Vallejo,Casado,50000,Educación Técnica,Técnico,Si,2,5-10 Km
LC-17965,Lola Crespo,Casado,50000,Educación Técnica,Técnico,No,2,1-2 Km
UR-21400,Unai Reynoso,Casado,50000,Educación Técnica,Técnico,Si,2,5-10 Km
OL-19570,Odiseo Liébanas,Soltero,160000,Doctorado,Profesional Empleado,Si,2,5-10 Km
WN-21790,Waldo Nazario,Casado,50000,Educación Técnica,Técnico,Si,2,5-10 Km
LA-17905,Leopoldo Archuleta,Soltero,50000,Educación Técnica,Técnico,No,2,1-2 Km
LS-18100,Luján Salinas,Soltero,70000,Universitario,Profesional Empleado,No,2,5-10 Km
AP-11515,Aniceto Puertas,Casado,60000,Universitario en Curso,Técnico,No,2,1-2 Km
MR-18205,Mafalda Rojo,Casado,60000,Universitario en Curso,Técnico,Si,2,5-10 Km
AR-11140,Antonio Rocha,Casado,60000,Universitario en Curso,Técnico,Si,2,5-10 Km
DS-13705,Dino Saucedo,Casado,60000,Universitario en Curso,Técnico,Si,2,5-10 Km
FA-14800,Florencio Anguiano,Casado,70000,Educación Técnica,Comerciante,Si,2,1-2 Km
BH-12025,Berta Herrera,Casado,80000,Universitario en Curso,Técnico,Si,2,1-2 Km
DM-13660,Dora Morales,Soltero,80000,Universitario en Curso,Técnico,Si,2,5-10 Km
SG-20755,Serafín Girón,Casado,80000,Universitario en Curso,Técnico,Si,2,5-10 Km
AP-10060,Alan Pérez,Casado,80000,Universitario en Curso,Técnico,Si,2,5-10 Km
KA-17350,Kristina Arroyo,Casado,50000,Educación Técnica,Técnico,Si,2,5-10 Km
JO-16735,Jeremías Orozco,Soltero,50000,Educación Técnica,Técnico,Si,2,5-10 Km
NC-19150,Nadia Calderón,Casado,50000,Educación Técnica,Técnico,Si,2,5-10 Km
EN-14020,Elvira Nieves,Casado,60000,Universitario en Curso,Técnico,No,2,1-2 Km
EM-13855,Elías Macías,Casado,70000,Universitario,Profesional Independiente,Si,2,5-10 Km
MM-18715,Melis Montes,Soltero,90000,Universitario,Profesional Independiente,Si,2,5-10 Km
NL-19105,Naiara Laboy,Soltero,80000,Educación Técnica,Técnico,Si,2,5-10 Km
AP-11485,Aniceto Pérez,Soltero,80000,Educación Técnica,Técnico,No,2,1-2 Km
MM-18175,Maciela Mata,Casado,80000,Educación Técnica,Técnico,Si,2,5-10 Km
CO-13105,Cosme Ojeda,Soltero,80000,Educación Técnica,Técnico,Si,2,5-10 Km
BS-11785,Baltasar Santillán,Soltero,80000,Educación Técnica,Técnico,No,2,1-2 Km
DL-13240,Dánae Lebrón,Soltero,70000,Educación Técnica,Técnico,Si,2,5-10 Km
PO-20110,Pío Olivares,Soltero,70000,Educación Técnica,Técnico,Si,2,5-10 Km
GA-15175,Germán Altamira,Soltero,80000,Educación Técnica,Profesional Independiente,Si,2,5-10 Km
CC-12910,Concordia Cuéllar,Soltero,80000,Educación Técnica,Profesional Independiente,Si,2,5-10 Km
EA-14170,Estela Alonso,Soltero,80000,Educación Técnica,Profesional Independiente,No,2,1-2 Km
ER-14305,Enric Ruiz,Soltero,80000,Educación Técnica,Profesional Independiente,No,2,1-2 Km
DS-13165,Dana Sandoval,Soltero,160000,Educación Técnica,Comerciante,Si,2,0-1 Km
CS-12655,Cintia Salgado,Casado,170000,Educación Técnica,Comerciante,Si,2,0-1 Km
DC-13465,Débora Cabrera,Casado,120000,Secundario,Comerciante,Si,3,2-5 Km
LT-17935,Luís Tejada,Soltero,130000,Educación Técnica,Comerciante,No,3,1-2 Km
IO-16315,Imanol Orellana,Casado,130000,Educación Técnica,Comerciante,Si,3,1-2 Km
VV-21550,Victoria Valdivia,Soltero,80000,Educación Técnica,Técnico,No,2,1-2 Km
LV-18145,Lidia Villaseñor,Soltero,60000,Educación Técnica,Profesional Independiente,No,2,5-10 Km
KS-17320,Karina Suárez,Casado,70000,Universitario,Profesional Independiente,Si,0,0-1 Km
AA-10390,Arturo Anguiano,Casado,70000,Universitario,Profesional Independiente,No,0,0-1 Km
AL-10240,Adolfo Lira,Casado,80000,Secundario,Comerciante,Si,0,2-5 Km
AP-11230,Ara Puente,Soltero,80000,Secundario,Comerciante,Si,1,2-5 Km
AB-10645,Alexia Bonilla,Soltero,90000,Universitario,Profesional Independiente,Si,1,2-5 Km
JS-16915,Josué Solórzano,Casado,90000,Universitario,Profesional Independiente,Si,1,5-10 Km
AO-10255,Adolfo Ojeda,Casado,90000,Universitario,Profesional Independiente,Si,0,1-2 Km
LG-17815,Lorena Garay,Casado,100000,Educación Técnica,Comerciante,Si,0,0-1 Km
BM-11920,Benito Marcos,Soltero,70000,Universitario en Curso,Técnico,No,1,0-1 Km
CC-12370,Cándida Celaya,Soltero,70000,Universitario en Curso,Técnico,Si,1,5-10 Km
AS-10330,Armando Sánchez,Casado,90000,Universitario,Profesional Independiente,Si,1,5-10 Km
GC-15520,Gregorio Cuéllar,Casado,60000,Universitario en Curso,Técnico,Si,1,5-10 Km
LA-17710,Luciano Alonzo,Soltero,60000,Universitario en Curso,Técnico,No,1,0-1 Km
LA-17395,Leandro Armendáriz,Casado,90000,Universitario,Profesional Independiente,Si,1,0-1 Km
IS-16240,Isidoro Salas,Soltero,60000,Universitario en Curso,Técnico,Si,1,5-10 Km
CM-12760,Clemencia Mendoza,Soltero,70000,Universitario,Profesional Independiente,No,1,0-1 Km
CL-12205,Camilo Laderas,Soltero,80000,Universitario,Profesional Independiente,Si,4,1-2 Km
FB-14980,Fuensanta Barrios,Soltero,70000,Universitario,Profesional Independiente,Si,1,5-10 Km
AT-10600,Albertina Tamayo,Casado,70000,Universitario,Profesional Independiente,No,1,0-1 Km
KL-17290,Kevin Lucio,Soltero,70000,Universitario,Profesional Independiente,No,1,5-10 Km
NL-19435,Noa León,Soltero,70000,Universitario,Profesional Independiente,No,1,5-10 Km
NR-19345,Nieves Robles,Casado,90000,Universitario,Profesional Independiente,Si,1,5-10 Km
PL-20095,Prudencio Luna,Soltero,70000,Universitario,Profesional Independiente,No,2,0-1 Km
KD-17170,Katia Díaz,Soltero,70000,Universitario,Profesional Independiente,No,2,0-1 Km
GF-15490,Gustavo Farías,Casado,60000,Universitario en Curso,Técnico,Si,1,5-10 Km
NL-19300,Nelson Limón,Casado,60000,Universitario en Curso,Técnico,Si,1,0-1 Km
GB-15070,Gabriela Barca,Casado,60000,Universitario en Curso,Técnico,Si,1,0-1 Km
CO-12490,Carmelo Ortega,Casado,70000,Universitario,Profesional Independiente,Si,2,5-10 Km
CQ-12865,Conrado Quiñones,Soltero,70000,Universitario en Curso,Técnico,Si,2,5-10 Km
AR-10990,Anastasia Rosales,Casado,70000,Universitario en Curso,Técnico,Si,2,0-1 Km
TN-21010,Tania Naranjo,Casado,70000,Universitario en Curso,Técnico,Si,2,5-10 Km
IS-16120,Isaac Sarabia,Casado,70000,Universitario en Curso,Técnico,Si,3,10+ Km
KV-17335,Kevin Vera,Soltero,80000,Universitario en Curso,Técnico,No,1,0-1 Km
TR-21280,Tobías Ramírez,Soltero,80000,Universitario,Profesional Empleado,No,2,0-1 Km
GA-15190,Gerardo Almonta,Soltero,40000,Secundario,Comerciante,Si,1,5-10 Km
ED-14125,Eleonora Delgadillo,Casado,70000,Universitario en Curso,Técnico,Si,3,10+ Km
FC-14560,Faustina Carrera,Casado,70000,Universitario en Curso,Técnico,Si,3,5-10 Km
CV-12430,Casimira Villegas,Casado,70000,Universitario en Curso,Técnico,Si,3,10+ Km
IR-16465,Isaías Rosales,Soltero,80000,Universitario en Curso,Técnico,Si,1,5-10 Km
CR-12835,Cornelio Reina,Soltero,70000,Universitario en Curso,Técnico,Si,1,5-10 Km
PC-19840,Pamela Casanova,Casado,100000,Educación Técnica,Técnico,No,2,0-1 Km
JU-17065,Justa Uribe,Casado,50000,Educación Técnica,Técnico,Si,1,5-10 Km
HM-15745,Humberto Montalvo,Casado,50000,Educación Técnica,Técnico,Si,1,5-10 Km
OS-19585,Odón Santiago,Soltero,50000,Educación Técnica,Técnico,Si,1,5-10 Km
AS-11455,Ariadna Salcedo,Casado,50000,Educación Técnica,Técnico,Si,2,5-10 Km
MT-18640,Maya Tafoya,Casado,50000,Educación Técnica,Técnico,No,2,0-1 Km
DT-13585,Dolores Treviño,Soltero,50000,Educación Técnica,Técnico,No,2,5-10 Km
CS-12850,Cornelio Sauceda,Soltero,170000,Doctorado,Profesional Empleado,No,2,0-1 Km
JA-16795,Joaquín Apodaca,Soltero,100000,Educación Técnica,Técnico,Si,2,5-10 Km
BP-11755,Bárbara Portillo,Soltero,170000,Doctorado,Profesional Empleado,No,2,5-10 Km
RA-20290,Raimon Acosta,Soltero,50000,Educación Técnica,Técnico,No,2,0-1 Km
CC-12880,Clotilde Carrillo,Casado,50000,Educación Técnica,Técnico,Si,2,5-10 Km
MV-18190,Marc Vallejo,Casado,50000,Educación Técnica,Técnico,No,2,0-1 Km
IM-16435,Isidora Martín,Soltero,80000,Universitario,Profesional Empleado,No,2,5-10 Km
MR-18820,Millán Rubio,Soltero,170000,Doctorado,Profesional Empleado,No,2,5-10 Km
PR-19990,Patricio Romo,Casado,50000,Educación Técnica,Técnico,No,2,0-1 Km
OO-19555,Octavio Ocampo,Soltero,50000,Educación Técnica,Técnico,No,2,0-1 Km
JH-16750,José Hernández,Casado,50000,Educación Técnica,Técnico,Si,2,5-10 Km
CV-12385,Carina Verdes,Soltero,50000,Educación Técnica,Técnico,No,2,0-1 Km
SS-20935,Selena Savoya,Soltero,50000,Educación Técnica,Técnico,No,2,0-1 Km
HM-16000,Hugo Maldonado,Soltero,40000,Secundario,Comerciante,Si,2,5-10 Km
SG-20815,Simón Gracia,Casado,60000,Educación Técnica,Comerciante,Si,1,0-1 Km
GO-15025,Gabriel Osorio,Casado,40000,Secundario,Comerciante,Si,2,5-10 Km
ÁA-10360,Ágata Alonso,Casado,40000,Secundario,Comerciante,Si,2,0-1 Km
JD-16900,Josué Delgado,Soltero,40000,Secundario,Comerciante,Si,2,5-10 Km
PC-19915,Patrocinio Castro,Soltero,60000,Educación Técnica,Comerciante,No,1,0-1 Km
LB-17950,Livia Banda,Soltero,50000,Educación Técnica,Técnico,Si,2,5-10 Km
LO-17455,Leonardo Olmos,Casado,50000,Educación Técnica,Técnico,Si,2,5-10 Km
CM-12235,Carlos Marrero,Soltero,60000,Universitario en Curso,Técnico,Si,1,5-10 Km
MC-18595,Matilda Carbajal,Soltero,60000,Universitario en Curso,Técnico,No,1,1-2 Km
MN-18160,Macarena Nava,Soltero,60000,Universitario en Curso,Técnico,No,1,1-2 Km
TL-21115,Teodoro Llarnas,Casado,50000,Educación Técnica,Técnico,Si,2,5-10 Km
SB-20680,Samanta Botello,Soltero,50000,Educación Técnica,Técnico,Si,2,5-10 Km
FV-14860,Flavio Vergara,Soltero,50000,Educación Técnica,Técnico,No,2,1-2 Km
AA-11470,Asís Aguilera,Soltero,60000,Universitario en Curso,Técnico,No,1,5-10 Km
SS-20725,Salma Soria,Soltero,60000,Universitario en Curso,Técnico,No,1,1-2 Km
AB-11185,Antonia Baeza,Soltero,60000,Universitario en Curso,Técnico,Si,1,5-10 Km
LL-18085,Luisa Liébanas,Casado,60000,Universitario en Curso,Técnico,Si,1,5-10 Km
TO-21190,Thiago Olivares,Soltero,60000,Universitario en Curso,Técnico,No,1,1-2 Km
FL-14665,Fernando Limón,Casado,60000,Universitario en Curso,Técnico,No,1,1-2 Km
ES-13975,Eloísa Soto,Soltero,70000,Universitario en Curso,Técnico,No,2,0-1 Km
ES-14200,Emanuel Saucedo,Soltero,80000,Secundario,Comerciante,No,1,0-1 Km
CB-13030,Crístofer Barraza,Soltero,80000,Secundario,Comerciante,No,1,0-1 Km
EA-14470,Ezequiel Acevedo,Casado,90000,Secundario,Comerciante,Si,1,0-1 Km
MR-18400,Manila Roque,Casado,90000,Secundario,Comerciante,Si,1,0-1 Km
FM-14785,Flora Montes,Soltero,100000,Secundario,Comerciante,Si,2,1-2 Km
VM-21460,Valentina Macías,Casado,100000,Secundario,Comerciante,Si,2,1-2 Km
EP-13810,Eleonor Pina,Soltero,110000,Educación Técnica,Comerciante,No,4,0-1 Km
QM-20155,Quinto Muñoz,Casado,110000,Educación Técnica,Comerciante,Si,0,2-5 Km
DM-13630,Delia Miramontes,Soltero,70000,Universitario en Curso,Técnico,Si,2,5-10 Km
HC-15685,Hilda Contreras,Casado,90000,Secundario,Comerciante,Si,1,1-2 Km
WA-21775,Walter Alcaraz,Casado,110000,Educación Técnica,Comerciante,Si,2,5-10 Km
FB-14995,Fidel Badillo,Casado,100000,Secundario,Comerciante,Si,3,1-2 Km
BR-11950,Bernardo Rosas,Casado,120000,Secundario,Comerciante,Si,3,5-10 Km
NL-19525,Núria Laureano,Casado,160000,Secundario,Comerciante,Si,4,0-1 Km
EC-14530,Evaristo Corona,Casado,170000,Secundario,Comerciante,Si,2,0-1 Km
TJ-21265,Tito Jáquez,Soltero,70000,Secundario,Comerciante,Si,2,10+ Km
ÁM-10765,Álvaro Muñoz,Soltero,70000,Secundario,Comerciante,Si,2,10+ Km
DT-13675,Dorotea Treviño,Soltero,70000,Secundario,Comerciante,Si,2,10+ Km
NQ-19075,Nadal Quiñones,Soltero,70000,Secundario,Comerciante,Si,2,10+ Km
AD-10480,Anastasia Dávila,Soltero,70000,Secundario,Comerciante,Si,2,10+ Km
DV-13285,Daniela Vélez,Casado,60000,Secundario,Comerciante,Si,2,10+ Km
JS-17095,José Sánchez,Casado,60000,Secundario,Comerciante,No,2,1-2 Km
AA-11665,Alina Anaya,Soltero,60000,Secundario,Comerciante,Si,2,10+ Km
AR-10345,Amadeo Rocha,Casado,70000,Secundario,Comerciante,Si,2,10+ Km
ÁP-11080,Ángel Pineda,Soltero,70000,Secundario,Comerciante,Si,3,10+ Km
ÉC-14365,Érica Casas,Casado,60000,Secundario,Comerciante,Si,2,2-5 Km
VB-21610,Virginia Baeza,Casado,60000,Secundario,Comerciante,Si,2,2-5 Km
PZ-19825,Paloma Zamora,Casado,60000,Secundario,Comerciante,Si,2,2-5 Km
UL-21340,Ulises Lebrón,Casado,60000,Secundario,Comerciante,Si,3,10+ Km
DS-13255,Daniel Santillán,Casado,60000,Secundario,Comerciante,Si,3,10+ Km
CA-12220,Carina Almaraz,Casado,70000,Secundario,Comerciante,No,1,1-2 Km
MA-18250,Mafalda Alvarado,Soltero,70000,Secundario,Comerciante,Si,1,10+ Km
MC-18760,Mauro Cortés,Casado,70000,Secundario,Comerciante,Si,1,10+ Km
SA-20845,Samuel Alemán,Casado,70000,Secundario,Comerciante,Si,1,1-2 Km
AE-11200,Anya Espinoza,Casado,70000,Secundario,Comerciante,Si,1,10+ Km
HC-15985,Humberto Cepeda,Casado,80000,Secundario,Comerciante,No,2,1-2 Km
ER-14485,Eulalia Rolón,Casado,80000,Educación Técnica,Profesional Independiente,Si,2,10+ Km
MG-18910,Mireia Garay,Casado,80000,Educación Técnica,Profesional Independiente,Si,2,2-5 Km
GF-15445,Guillermina Farías,Casado,80000,Educación Técnica,Profesional Independiente,Si,2,10+ Km
NJ-19330,Nieves Jasón,Casado,90000,Universitario,Profesional Independiente,Si,1,10+ Km
NL-19480,Nuncio Lugo,Soltero,90000,Universitario,Profesional Independiente,Si,1,10+ Km
TT-20995,Tatiana Téllez,Casado,60000,Secundario,Comerciante,Si,0,10+ Km
CF-12985,Cristóbal Figueroa,Casado,60000,Secundario,Comerciante,Si,0,10+ Km
TG-21055,Tamara González,Casado,70000,Universitario,Profesional Independiente,Si,2,10+ Km
VC-21715,Violeta Cruz,Casado,80000,Educación Técnica,Profesional Independiente,Si,2,2-5 Km
IS-16450,Isaías Sarabia,Casado,80000,Educación Técnica,Profesional Independiente,Si,2,2-5 Km
DC-13690,Dino Ceballos,Soltero,90000,Universitario,Profesional Independiente,Si,2,10+ Km
SO-20800,Sandra Orta,Soltero,90000,Universitario,Profesional Independiente,Si,2,10+ Km
BT-11710,Baltasar Téllez,Casado,50000,Educación Técnica,Técnico,Si,2,10+ Km
IG-16570,Iván Girón,Soltero,90000,Universitario,Profesional Independiente,Si,2,10+ Km
FP-14545,Fátima Pina,Soltero,90000,Universitario,Profesional Independiente,Si,2,10+ Km
DB-13720,Dulce Beltrán,Soltero,90000,Universitario,Profesional Independiente,No,2,2-5 Km
FO-14755,Felipe Oquendo,Casado,60000,Educación Técnica,Profesional Independiente,Si,2,10+ Km
CS-12745,Celia Salgado,Casado,90000,Universitario,Profesional Independiente,Si,1,10+ Km
ER-14035,Eric Ruiz,Casado,70000,Universitario,Profesional Independiente,Si,1,1-2 Km
MM-18460,Maricruz Matos,Casado,80000,Secundario,Comerciante,Si,1,1-2 Km
LB-17425,León Batista,Soltero,70000,Educación Técnica,Profesional Independiente,Si,2,2-5 Km
OM-19765,Osmundo Montes,Soltero,70000,Educación Técnica,Profesional Independiente,Si,2,10+ Km
LA-17980,Lorena Aguayo,Casado,90000,Universitario,Profesional Independiente,Si,1,10+ Km
IB-16150,Isabel Bermúdez,Casado,90000,Universitario,Profesional Independiente,Si,1,2-5 Km
BR-11845,Basilio Ruiz,Soltero,90000,Universitario,Profesional Independiente,Si,2,10+ Km
HL-15550,Helena Llarnas,Casado,90000,Universitario,Profesional Independiente,Si,2,10+ Km
BL-11890,Baudilio Lozada,Soltero,70000,Universitario,Profesional Independiente,Si,1,10+ Km
NE-19060,Nadal Escalante,Casado,70000,Universitario,Profesional Independiente,No,2,2-5 Km
HC-15955,Hernán Canales,Casado,60000,Educación Técnica,Profesional Independiente,Si,2,10+ Km
ER-14335,Eugenio Rentería,Casado,60000,Educación Técnica,Profesional Independiente,No,2,2-5 Km
IG-16495,Isolda Guardado,Casado,70000,Universitario,Profesional Independiente,Si,2,10+ Km
FM-14680,Florida Mascarenas,Soltero,70000,Universitario,Profesional Independiente,Si,2,10+ Km
LC-17635,León Caballero,Casado,70000,Universitario,Profesional Independiente,Si,2,10+ Km
DT-13270,Daniel Tovar,Soltero,70000,Universitario,Profesional Independiente,Si,2,10+ Km
CB-12325,César Benítez,Soltero,130000,Secundario,Comerciante,No,4,0-1 Km
GL-15235,Guillermina Lebrón,Soltero,130000,Secundario,Comerciante,No,4,0-1 Km
VC-21730,Virgilio Cardona,Casado,130000,Universitario,Profesional Independiente,No,2,5-10 Km
SO-20650,Sabina Ornelas,Casado,160000,Universitario,Profesional Independiente,Si,4,5-10 Km
BP-11995,Benita Pelayo,Soltero,100000,Universitario,Profesional Independiente,Si,4,5-10 Km
MG-18970,Miren Gil,Casado,110000,Universitario,Profesional Independiente,Si,3,5-10 Km
TO-21040,Teresa Olivera,Casado,150000,Universitario,Profesional Independiente,Si,3,0-1 Km
LV-17470,Leire Velázquez,Soltero,170000,Secundario,Comerciante,No,3,0-1 Km
LG-17515,Lorenzo Garrido,Casado,120000,Educación Técnica,Profesional Independiente,No,4,5-10 Km
GC-15385,Gracia Collado,Casado,120000,Educación Técnica,Profesional Independiente,No,4,5-10 Km
NM-19120,Nicolás Matías,Soltero,130000,Universitario,Profesional Independiente,No,3,0-1 Km
HV-15625,Heriberto Valderas,Casado,110000,Universitario,Profesional Independiente,Si,4,10+ Km
MA-18850,Miguelina Agosto,Casado,130000,Universitario,Profesional Independiente,Si,3,0-1 Km
CO-12670,Cira Ornelas,Casado,170000,Educación Técnica,Profesional Independiente,Si,2,5-10 Km
IC-16165,Iris Campos,Soltero,90000,Educación Técnica,Profesional Independiente,No,2,5-10 Km
FB-14590,Flavia Bravo,Soltero,90000,Secundario,Comerciante,Si,1,2-5 Km
PS-20065,Piedad Sosa,Casado,60000,Secundario,Comerciante,Si,2,1-2 Km
JB-16675,Josefa Bueno,Casado,70000,Secundario,Comerciante,Si,2,5-10 Km
AB-10795,Amaia Briseño,Casado,70000,Secundario,Comerciante,Si,2,5-10 Km
OL-19645,Olga Laureano,Casado,70000,Secundario,Comerciante,Si,2,5-10 Km
PC-20050,Plácido Calvillo,Soltero,120000,Secundario,Comerciante,Si,4,2-5 Km
SB-20980,Susana Braza,Casado,120000,Postgrado,Comerciante,Si,4,2-5 Km
PL-19945,Piero Limón,Casado,100000,Universitario,Profesional Independiente,Si,4,2-5 Km
AN-10870,Aarón Navarrete,Casado,110000,Secundario,Comerciante,Si,3,2-5 Km
PM-19975,Paz Montes,Casado,130000,Postgrado,Comerciante,Si,1,0-1 Km
CV-12400,Carmín Vera,Casado,80000,Secundario,Comerciante,Si,0,0-1 Km
JT-16855,Jonás Toro,Casado,90000,Universitario,Profesional Independiente,Si,3,2-5 Km
JG-17020,Juno Guerrero,Soltero,90000,Universitario,Profesional Independiente,No,3,0-1 Km
RN-20260,Rafel Nieves,Casado,90000,Universitario,Profesional Independiente,Si,3,0-1 Km
VM-21475,Valentina Méndez,Soltero,90000,Universitario,Profesional Independiente,No,1,5-10 Km
AV-10465,Amadeo Villareal,Soltero,120000,Universitario,Profesional Independiente,Si,4,2-5 Km
MC-18895,Marisa Cantudo,Casado,130000,Postgrado,Comerciante,Si,2,1-2 Km
IR-16525,Irma Rubalcaba,Casado,130000,Secundario,Comerciante,Si,2,0-1 Km
MS-18565,Mateo Salazar,Casado,130000,Secundario en Curso,Comerciante,Si,3,0-1 Km
JG-16945,Juanita Guzmán,Soltero,150000,Secundario,Comerciante,No,4,1-2 Km
CE-13150,Cintia Escobar,Soltero,70000,Universitario,Profesional Independiente,Si,0,5-10 Km
MC-18505,Maro Castro,Casado,90000,Universitario,Profesional Independiente,Si,0,10+ Km
CR-13120,Cirilo Rosario,Casado,50000,Postgrado,Comerciante,Si,2,5-10 Km
TO-21025,Tomás Olivera,Casado,80000,Secundario en Curso,Comerciante,Si,2,0-1 Km
MC-19045,Mirna Callas,Casado,80000,Universitario,Profesional Independiente,Si,2,2-5 Km
OT-19600,Olaya Torres,Casado,80000,Universitario,Profesional Independiente,Si,2,0-1 Km
AB-11125,Adolfo Baca,Soltero,90000,Universitario,Profesional Independiente,No,1,10+ Km
BC-11830,Beltrán Comino,Casado,90000,Universitario,Profesional Independiente,Si,1,10+ Km
SG-20965,Silvia Gil,Casado,90000,Universitario,Profesional Independiente,Si,1,10+ Km
SC-20665,Salomé Castillo,Soltero,110000,Secundario,Comerciante,Si,4,5-10 Km
RS-20335,Rebeca Segura,Casado,90000,Universitario,Profesional Independiente,Si,4,1-2 Km
LM-17755,Laura Meza,Casado,110000,Secundario,Comerciante,Si,2,1-2 Km
IÁ-16285,Irene Álamo,Casado,110000,Secundario,Comerciante,Si,2,1-2 Km
AU-11290,Aria Urbina,Casado,120000,Universitario,Profesional Independiente,No,4,2-5 Km
AR-11410,Arturo Rocarte,Casado,170000,Secundario en Curso,Comerciante,Si,4,2-5 Km
LG-17410,Leo Gutiérrez,Casado,70000,Universitario,Profesional Independiente,No,3,5-10 Km
MS-18295,Marcial Sandoval,Casado,110000,Secundario,Comerciante,Si,3,2-5 Km
DG-13435,Diana García,Casado,130000,Secundario,Comerciante,Si,1,0-1 Km
AG-11575,Atila Godoy,Casado,130000,Secundario,Comerciante,Si,3,2-5 Km
CA-12355,Camilo Almaraz,Casado,130000,Secundario,Comerciante,Si,3,2-5 Km
AT-11500,Aniceto Toledo,Soltero,150000,Universitario,Profesional Independiente,No,3,0-1 Km
RM-20590,Rita Marín,Soltero,60000,Educación Técnica,Profesional Independiente,No,2,1-2 Km
LA-17650,Lea Arroyo,Casado,60000,Educación Técnica,Profesional Independiente,No,2,1-2 Km
HO-15640,Heriberto Ortega,Soltero,80000,Educación Técnica,Técnico,Si,2,5-10 Km
MO-18730,Margarita Orellana,Soltero,50000,Secundario en Curso,Comerciante,Si,2,5-10 Km
JV-17080,Justina Vaca,Soltero,70000,Secundario en Curso,Comerciante,Si,2,5-10 Km
JP-16975,Julia Paredes,Casado,70000,Secundario en Curso,Comerciante,Si,2,1-2 Km
JS-16660,Jorge Saucedo,Casado,70000,Secundario,Comerciante,Si,2,1-2 Km
GO-15400,Gracias Olivera,Casado,80000,Universitario,Profesional Independiente,No,3,1-2 Km
NM-19450,Nino Mata,Casado,80000,Universitario,Profesional Independiente,Si,4,5-10 Km
NG-19165,Noemí González,Soltero,90000,Educación Técnica,Profesional Independiente,No,3,1-2 Km
PC-20020,Penélope Carrero,Soltero,90000,Educación Técnica,Profesional Independiente,No,3,1-2 Km
RR-20515,Roque Rivas,Casado,100000,Universitario,Profesional Independiente,Si,0,5-10 Km
BS-12055,Betsabé Saldaña,Casado,110000,Universitario,Profesional Independiente,No,4,2-5 Km
VS-21505,Vanesa Sarabia,Casado,110000,Universitario,Profesional Independiente,No,4,2-5 Km
ES-14515,Eulalia Sánchez,Casado,80000,Educación Técnica,Técnico,Si,2,5-10 Km
CG-12340,César Gallardo,Casado,60000,Educación Técnica,Profesional Independiente,No,2,1-2 Km
ML-18940,Moisés Lucio,Soltero,60000,Educación Técnica,Profesional Independiente,Si,2,5-10 Km
MV-18340,Malena Viera,Soltero,70000,Universitario en Curso,Comerciante,Si,2,5-10 Km
MA-18370,Manuela Armenta,Soltero,70000,Postgrado,Comerciante,No,2,1-2 Km
VO-21580,Vanesa Olmos,Soltero,70000,Universitario en Curso,Comerciante,Si,2,5-10 Km
LC-17530,Loreto Cepeda,Soltero,70000,Universitario en Curso,Comerciante,Si,2,5-10 Km
EN-13900,Emilio Noriega,Soltero,70000,Universitario en Curso,Comerciante,No,2,1-2 Km
GT-15250,Gustavo Trejo,Soltero,70000,Universitario en Curso,Comerciante,No,2,1-2 Km
HA-15700,Heidi Anaya,Casado,60000,Universitario en Curso,Comerciante,Si,2,5-10 Km
GC-15130,Gerardo Carrillo,Soltero,70000,Universitario,Profesional Independiente,No,2,5-10 Km
CA-13060,Claudia Aguilar,Soltero,70000,Universitario,Profesional Independiente,No,2,1-2 Km
IL-16105,Isaac Leyva,Casado,70000,Universitario en Curso,Comerciante,No,2,1-2 Km
JM-16720,Jeremías Montés,Casado,80000,Universitario en Curso,Comerciante,Si,2,5-10 Km
QG-20200,Quique Griego,Casado,90000,Secundario,Comerciante,Si,2,5-10 Km
AB-11545,Astrid Briseño,Casado,90000,Secundario,Comerciante,Si,2,5-10 Km
LV-17770,Lara Varela,Soltero,120000,Universitario en Curso,Comerciante,Si,3,5-10 Km
HC-15760,Heraldo Cadena,Casado,90000,Secundario,Comerciante,Si,2,1-2 Km
SA-20920,Sofía Alba,Soltero,90000,Secundario,Comerciante,Si,2,5-10 Km
IV-16300,Irene Verdes,Casado,130000,Secundario,Comerciante,Si,4,0-1 Km
WM-21805,Wendy Morales,Casado,90000,Secundario,Comerciante,Si,2,5-10 Km
NV-19360,Normán Venegas,Casado,90000,Secundario,Comerciante,Si,2,5-10 Km
CA-12715,Claudio Aguilar,Soltero,90000,Secundario,Comerciante,Si,2,5-10 Km
TR-21250,Trinidad Rubio,Casado,110000,Universitario en Curso,Comerciante,Si,1,2-5 Km
DC-13480,Débora Ceja,Casado,90000,Universitario en Curso,Técnico,Si,2,1-2 Km
JA-16885,Joshua Altamirano,Soltero,30000,Educación Técnica,Obrero,Si,0,0-1 Km
AM-10075,Alberto Márquez,Casado,150000,Postgrado,Profesional Empleado,Si,0,0-1 Km
HH-15850,Higinia Horta,Casado,60000,Universitario,Obrero,Si,0,0-1 Km
EM-13990,Elsa Mújica,Casado,60000,Universitario,Obrero,Si,0,0-1 Km
LD-18130,Luna Delgado,Casado,150000,Postgrado,Profesional Empleado,Si,0,0-1 Km
GI-15370,Gorka Irizarri,Casado,40000,Universitario,Obrero,Si,0,0-1 Km
GB-15055,Gabriela Bustamante,Casado,150000,Postgrado,Profesional Empleado,Si,0,0-1 Km
DV-13420,Dora Villaseñor,Soltero,150000,Postgrado,Profesional Empleado,Si,0,0-1 Km
EC-14395,Ernestina Cepeda,Casado,140000,Postgrado,Profesional Empleado,Si,0,0-1 Km
RZ-20275,Rafel Zarate,Casado,150000,Postgrado,Profesional Empleado,Si,0,0-1 Km
JC-17005,Julio César Torres,Casado,160000,Postgrado,Profesional Empleado,Si,0,0-1 Km
AA-10225,Alejandra Alcaraz,Casado,50000,Universitario,Obrero,Si,0,0-1 Km
LS-17695,Luciano Sosa,Casado,30000,Universitario en Curso,Obrero,Si,0,0-1 Km
CL-12775,Clementino Leiva,Soltero,40000,Universitario en Curso,Obrero,Si,0,0-1 Km
MA-18580,Matilde Alvarado,Soltero,40000,Universitario en Curso,Obrero,Si,1,0-1 Km
AV-10210,Aída Vélez,Casado,40000,Universitario en Curso,Obrero,Si,1,0-1 Km
LB-17860,Luciano Bernal,Casado,40000,Universitario en Curso,Obrero,Si,1,0-1 Km
RC-20350,Rafaela Carvajal,Casado,40000,Universitario en Curso,Obrero,Si,1,2-5 Km
MB-19030,Mora Borrego,Casado,160000,Postgrado,Profesional Empleado,Si,0,0-1 Km
HS-15610,Higinio Suárez,Soltero,120000,Universitario,Profesional Empleado,Si,0,0-1 Km
AN-10435,Agustín Negrete,Casado,40000,Universitario en Curso,Obrero,Si,1,0-1 Km
LC-17440,Lara Cantú,Soltero,80000,Universitario,Profesional Empleado,Si,0,0-1 Km
DA-13345,Diana Aguirre,Casado,30000,Universitario en Curso,Obrero,Si,0,0-1 Km
NA-19495,Nora Arroyo,Casado,170000,Postgrado,Profesional Empleado,Si,0,0-1 Km
DA-13555,Dimitri Arcones,Soltero,40000,Universitario en Curso,Obrero,No,1,2-5 Km
TA-21310,Tomás Arredondo,Soltero,40000,Universitario en Curso,Obrero,No,1,2-5 Km
AL-10975,Amanda Limón,Soltero,40000,Universitario en Curso,Obrero,No,1,0-1 Km
NH-19240,Neftalí Herrera,Soltero,40000,Universitario en Curso,Obrero,No,1,0-1 Km
CL-12505,Cipriano Lucero,Soltero,40000,Universitario en Curso,Obrero,Si,1,2-5 Km
LP-17740,Laura Prieto,Casado,10000,Secundario,Obrero,Si,2,0-1 Km
IL-16375,Ignacio Lobato,Casado,10000,Secundario,Obrero,No,2,0-1 Km
AC-10780,Amadeo Collado,Soltero,10000,Secundario,Obrero,No,2,0-1 Km
AZ-10300,Anselmo Zambrano,Soltero,10000,Secundario,Obrero,No,0,2-5 Km
YA-21880,Yanira Acuna,Soltero,10000,Secundario,Obrero,No,0,1-2 Km
KP-17275,Karina Padilla,Casado,120000,Universitario,Profesional Empleado,Si,0,0-1 Km
GZ-15115,Gerardo Zaragoza,Casado,120000,Universitario,Profesional Empleado,Si,0,0-1 Km
ML-18325,Marcos Laureano,Soltero,10000,Secundario,Obrero,No,0,1-2 Km
GG-15340,Gloria Girón,Casado,120000,Universitario,Profesional Empleado,No,0,0-1 Km
GG-15265,Gabriela Guerrero,Casado,120000,Universitario,Profesional Empleado,Si,0,0-1 Km
EG-13735,Edith González,Casado,120000,Universitario,Profesional Empleado,Si,0,0-1 Km
SM-20890,Saúl Mendoza,Soltero,120000,Universitario,Profesional Empleado,Si,0,0-1 Km
DC-13525,David Caraballo,Casado,80000,Universitario,Profesional Empleado,Si,0,0-1 Km
GO-15310,Gema Olivera,Soltero,80000,Universitario,Profesional Empleado,Si,0,0-1 Km
RP-20245,Rafa Portillo,Casado,80000,Universitario,Profesional Empleado,Si,0,0-1 Km
CV-12700,Clarisa Valle,Soltero,170000,Postgrado,Profesional Empleado,Si,0,0-1 Km
AR-10750,Adriano Rolón,Casado,160000,Postgrado,Profesional Empleado,Si,0,0-1 Km
BA-11965,Benito Armenteros,Soltero,10000,Secundario,Obrero,No,1,2-5 Km
TG-21100,Teo Guerrero,Casado,10000,Secundario,Obrero,Si,1,2-5 Km
AB-10135,Alfredo Barajas,Soltero,30000,Universitario en Curso,Obrero,Si,1,1-2 Km
MR-18550,Mateo Rodríguez,Casado,30000,Universitario en Curso,Obrero,Si,1,2-5 Km
AT-11560,Adriana Téllez,Casado,30000,Universitario en Curso,Obrero,Si,1,2-5 Km
AB-10885,Ana Borrego,Casado,160000,Postgrado,Profesional Empleado,Si,0,0-1 Km
KC-17200,Karmele Carbajal,Casado,80000,Universitario,Profesional Empleado,Si,0,0-1 Km
HE-16030,Humberto Espinal,Soltero,80000,Universitario,Profesional Empleado,Si,0,0-1 Km
RA-20530,Romero Arévalo,Casado,80000,Universitario,Profesional Empleado,Si,0,0-1 Km
IB-16090,Isaac Barajas,Soltero,170000,Postgrado,Profesional Empleado,Si,0,0-1 Km
LR-17665,Lope Rodríguez,Casado,170000,Postgrado,Profesional Empleado,Si,0,0-1 Km
GA-15205,Gregorio Acuna,Soltero,10000,Secundario,Obrero,No,1,2-5 Km
MF-18385,Manuela Flores,Soltero,10000,Secundario,Obrero,No,1,2-5 Km
PA-19900,Patricia Agosto,Soltero,10000,Secundario,Obrero,Si,0,0-1 Km
JA-16705,Jazmín Aguirre,Soltero,10000,Secundario,Obrero,Si,0,0-1 Km
EG-14050,Elías Guerrero,Soltero,10000,Secundario,Obrero,Si,0,0-1 Km
KV-17155,Karim Valdés,Soltero,10000,Secundario,Obrero,Si,0,0-1 Km
MT-18265,Maira Trejo,Soltero,80000,Universitario,Profesional Empleado,Si,0,0-1 Km
AC-11680,Alina Casillas,Casado,10000,Secundario,Obrero,No,1,0-1 Km
DJ-13510,Domingo Jaime,Soltero,30000,Universitario en Curso,Obrero,No,1,0-1 Km
OP-19630,Olimpia Pedraza,Soltero,80000,Universitario,Profesional Empleado,Si,0,0-1 Km
AP-10705,Alicia Pizarro,Soltero,80000,Universitario,Profesional Empleado,Si,0,0-1 Km
MC-18865,Miguel Chapa,Soltero,170000,Postgrado,Profesional Empleado,Si,0,0-1 Km
FO-14725,Felipe Olivera,Casado,170000,Postgrado,Profesional Empleado,Si,0,0-1 Km
MC-18445,Marcel Corral,Casado,170000,Postgrado,Profesional Empleado,Si,0,0-1 Km
VO-21520,Vera Olmos,Soltero,170000,Postgrado,Profesional Empleado,Si,0,0-1 Km
HV-15925,Horacio Valverde,Soltero,40000,Universitario en Curso,Obrero,No,2,0-1 Km
RV-20635,Rodolfo Villaseñor,Soltero,40000,Universitario en Curso,Obrero,No,2,0-1 Km
NP-19375,Normán Pedrosa,Casado,30000,Universitario en Curso,Obrero,Si,1,2-5 Km
EA-13825,Eloy Alcántara,Casado,30000,Universitario en Curso,Obrero,Si,1,0-1 Km
VA-21445,Valentina Acuna,Casado,10000,Secundario,Obrero,No,2,0-1 Km
LE-17590,Lupe Escalante,Soltero,10000,Secundario,Obrero,Si,1,0-1 Km
VM-21625,Víctor Morales,Casado,30000,Universitario en Curso,Obrero,Si,0,2-5 Km
AA-10615,Alicia Abrego,Casado,80000,Universitario,Profesional Independiente,No,1,2-5 Km
AL-11035,Ane Lomeli,Soltero,80000,Universitario,Profesional Independiente,Si,1,10+ Km
PL-19930,Paula Lara,Casado,80000,Universitario,Profesional Independiente,No,1,2-5 Km
GA-15325,Germán Armijo,Soltero,80000,Universitario,Profesional Independiente,Si,1,10+ Km
CD-12895,Conchi Durán,Soltero,90000,Universitario,Profesional Independiente,No,2,10+ Km
SP-20695,Sabino Pérez,Casado,60000,Educación Técnica,Técnico,Si,4,2-5 Km
LS-17875,Luciano Solórzano,Casado,70000,Educación Técnica,Profesional Independiente,Si,2,10+ Km
OH-19675,Olegario Holguín,Soltero,90000,Universitario,Profesional Independiente,No,2,10+ Km
PB-19810,Paciente Bravo,Casado,150000,Postgrado,Comerciante,Si,4,0-1 Km
BA-12100,Blas Alba,Casado,100000,Secundario,Comerciante,Si,4,10+ Km
HA-15970,Horacio Armendáriz,Casado,110000,Secundario,Comerciante,Si,4,5-10 Km
BL-11725,Baltasar Luján,Casado,170000,Secundario,Comerciante,Si,3,5-10 Km
RR-20545,Romina Roque,Casado,80000,Universitario,Profesional Independiente,No,1,2-5 Km
CD-12940,Corina Dueñas,Casado,80000,Universitario,Profesional Independiente,Si,2,10+ Km
LF-17500,Leticia Flórez,Casado,90000,Educación Técnica,Profesional Independiente,Si,2,10+ Km
CM-12295,Celso Meza,Casado,110000,Secundario,Comerciante,Si,4,10+ Km
HT-16045,Humberto Torres,Casado,110000,Universitario,Profesional Independiente,Si,2,10+ Km
UV-21415,Urso Valverde,Soltero,120000,Secundario,Comerciante,Si,2,10+ Km
CV-12955,Cornelio Vázquez,Casado,80000,Universitario,Profesional Independiente,Si,2,10+ Km
FT-14635,Florencia Terán,Casado,90000,Educación Técnica,Profesional Independiente,Si,2,10+ Km
EA-14140,Elisenda Aguilar,Casado,110000,Universitario,Profesional Independiente,Si,2,10+ Km
FC-14695,Federico Callas,Casado,80000,Educación Técnica,Profesional Independiente,Si,2,10+ Km
RM-20485,Rodolfo Molina,Casado,80000,Educación Técnica,Profesional Independiente,No,2,2-5 Km
NM-19090,Néstor Mena,Casado,170000,Universitario,Profesional Independiente,Si,4,0-1 Km
CG-12565,Claudio García,Soltero,100000,Universitario,Comerciante,Si,4,10+ Km
BO-12010,Bernardina Olmos,Casado,160000,Universitario,Comerciante,No,4,10+ Km
AA-10165,Adán Atencio,Casado,90000,Secundario,Comerciante,Si,3,10+ Km
BC-12190,Buenaventura Caldera,Casado,130000,Secundario,Comerciante,Si,4,0-1 Km
DA-13225,Dánae Abrego,Casado,90000,Secundario,Comerciante,No,3,5-10 Km
EC-14260,Efraín Collazo,Casado,80000,Educación Técnica,Técnico,No,2,5-10 Km
AR-10690,Alfonso Raya,Casado,90000,Educación Técnica,Técnico,No,2,5-10 Km
MM-18220,Maya Méndez,Casado,90000,Educación Técnica,Técnico,Si,2,10+ Km
CO-12925,Coralía Olivas,Soltero,90000,Universitario,Profesional Independiente,No,4,2-5 Km
EG-14320,Eulalio García,Casado,70000,Universitario,Profesional Independiente,Si,3,10+ Km
BH-11875,Baudilia Hurtado,Soltero,70000,Universitario,Profesional Independiente,No,3,10+ Km
BR-12160,Brígida Rolón,Soltero,70000,Universitario,Profesional Independiente,No,3,10+ Km
FT-14815,Fito Trujillo,Casado,70000,Universitario,Profesional Independiente,Si,4,10+ Km
KP-17140,Karen Partida,Soltero,80000,Universitario,Profesional Independiente,Si,3,10+ Km
LN-17680,Lucas Nazario,Casado,80000,Universitario,Profesional Independiente,Si,3,10+ Km
RS-20425,Renau Saavedra,Soltero,130000,Secundario,Comerciante,Si,4,0-1 Km
BC-12115,Blanca Carrasco,Soltero,70000,Universitario,Profesional Independiente,No,4,10+ Km
AE-10945,Anacleto Espinal,Soltero,80000,Universitario,Profesional Independiente,No,3,10+ Km
MG-19015,Mónica Granados,Soltero,80000,Universitario,Profesional Independiente,No,3,10+ Km
IB-16180,Iris Barena,Soltero,80000,Universitario,Profesional Independiente,No,3,10+ Km
BA-12070,Bianca Arreola,Casado,100000,Secundario,Comerciante,Si,2,10+ Km
NC-19270,Nerea Colunga,Casado,120000,Doctorado,Profesional Independiente,Si,4,10+ Km
FM-14650,Felicia Montañez,Casado,90000,Universitario,Profesional Independiente,Si,3,10+ Km
CÁ-13135,Cintia Álvarez,Casado,100000,Secundario,Comerciante,Si,2,10+ Km
AV-11530,Astrid Vega,Soltero,80000,Universitario,Profesional Independiente,No,3,10+ Km
CB-12730,Claudio Bañuelos,Soltero,90000,Universitario,Profesional Independiente,No,3,10+ Km
JR-16615,Judit Rodríguez,Soltero,90000,Universitario,Profesional Independiente,No,3,10+ Km
MB-18805,Millán Becerra,Casado,110000,Secundario,Comerciante,Si,4,10+ Km
FG-15010,Faustina Garrido,Casado,110000,Secundario,Comerciante,No,4,10+ Km
AM-11245,Arán Maya,Casado,90000,Universitario,Profesional Independiente,Si,4,10+ Km
AV-11275,Ari Verduzco,Casado,90000,Universitario,Profesional Independiente,No,4,10+ Km
SC-20785,Sandra Crespo,Casado,150000,Secundario,Comerciante,Si,4,10+ Km
RD-20215,Ramiro Dávila,Casado,170000,Universitario en Curso,Comerciante,Si,4,0-1 Km
NC-19255,Natividad Collazo,Casado,50000,Educación Técnica,Técnico,Si,0,1-2 Km
VZ-21685,Valerio Zayas,Soltero,10000,Secundario en Curso,Obrero,No,2,1-2 Km
EO-13885,Edith Ojeda,Soltero,20000,Secundario en Curso,Obrero,No,2,0-1 Km
EM-13945,Emanuel Mesa,Soltero,80000,Universitario,Profesional Empleado,Si,1,2-5 Km
TT-21145,Thalía Torres,Soltero,90000,Universitario,Profesional Independiente,Si,2,5-10 Km
VC-21565,Vanesa Cepeda,Soltero,20000,Secundario en Curso,Obrero,No,2,1-2 Km
CM-12820,Cornelio Marín,Soltero,20000,Secundario en Curso,Obrero,Si,2,1-2 Km
AV-10030,Adán Vera,Soltero,30000,Secundario,Obrero,No,1,1-2 Km
AC-10105,Abraham Cedillo,Casado,50000,Educación Técnica,Técnico,Si,0,1-2 Km
TS-21205,Tino Salinas,Soltero,30000,Secundario,Obrero,No,1,1-2 Km
TU-21295,Tomasa Urena,Soltero,30000,Secundario,Obrero,No,1,2-5 Km
RC-20575,Reyes Coto,Casado,50000,Educación Técnica,Técnico,Si,0,1-2 Km
AO-10405,Augusto Olivares,Casado,50000,Educación Técnica,Técnico,Si,0,1-2 Km
MG-18355,Maite Girón,Casado,50000,Educación Técnica,Técnico,Si,0,1-2 Km
SB-20830,Sarai Barrientos,Soltero,30000,Secundario,Obrero,No,1,1-2 Km
FM-14920,Francisco Molina,Casado,50000,Educación Técnica,Técnico,Si,1,0-1 Km
HU-15670,Héctor Urías,Soltero,70000,Universitario,Profesional Empleado,Si,0,0-1 Km
YV-21850,Yago Villanueva,Casado,70000,Universitario,Profesional Empleado,No,0,0-1 Km
NA-19285,Nicole Argüello,Soltero,10000,Secundario en Curso,Obrero,Si,2,1-2 Km
UN-21385,Uriel Nieves,Soltero,10000,Secundario en Curso,Obrero,No,2,1-2 Km
YP-21910,Yasir Polanco,Soltero,20000,Secundario en Curso,Obrero,Si,2,1-2 Km
GJ-15295,Gladis Juárez,Soltero,20000,Secundario en Curso,Obrero,No,2,1-2 Km
IC-16555,Ingrid Calvillo,Soltero,40000,Educación Técnica,Obrero,No,2,0-1 Km
BR-11770,Bartolomé Rosales,Casado,40000,Educación Técnica,Obrero,No,2,0-1 Km
CM-12460,Casandra Mateo,Soltero,30000,Secundario,Obrero,No,1,2-5 Km
LP-17785,Lara Porras,Soltero,70000,Universitario,Profesional Empleado,Si,0,1-2 Km
MG-18775,Máximo Guzmán,Soltero,70000,Universitario,Profesional Empleado,Si,0,1-2 Km
CC-13045,Crístofer Cabrera,Soltero,70000,Universitario,Profesional Empleado,Si,1,1-2 Km
LM-18115,Lucas Méndez,Soltero,70000,Universitario,Profesional Empleado,Si,2,0-1 Km
PE-19960,Pablo Esparza,Soltero,70000,Universitario,Profesional Empleado,Si,2,1-2 Km
JC-16960,Julio Corral,Soltero,70000,Universitario,Profesional Empleado,Si,2,1-2 Km
BJ-12145,Bernardo Jáquez,Soltero,70000,Universitario,Profesional Empleado,Si,2,1-2 Km
DC-13360,Dina Cazares,Soltero,50000,Educación Técnica,Técnico,Si,0,0-1 Km
MR-18745,Maribel Ríos,Soltero,70000,Universitario,Profesional Empleado,Si,2,1-2 Km
BP-11815,Bautista Porras,Soltero,70000,Universitario,Profesional Empleado,Si,1,0-1 Km
LB-18070,Luisa Benítez,Casado,50000,Educación Técnica,Técnico,Si,0,1-2 Km
GC-15085,Genoveva Contreras,Casado,50000,Educación Técnica,Técnico,Si,1,0-1 Km
AC-10270,Adelina Castaneda,Soltero,60000,Educación Técnica,Técnico,Si,0,1-2 Km
DC-13645,Donatella Casas,Soltero,60000,Educación Técnica,Técnico,No,0,0-1 Km
AS-10960,Anacleto Santana,Soltero,60000,Educación Técnica,Técnico,Si,0,1-2 Km
GV-15475,Guido Varela,Soltero,60000,Educación Técnica,Técnico,Si,0,1-2 Km
BC-11905,Bautista Camarillo,Casado,50000,Educación Técnica,Técnico,Si,1,5-10 Km
FH-14575,Faustina Huerta,Casado,50000,Educación Técnica,Técnico,Si,1,1-2 Km
ES-14230,Emiliana Serna,Casado,50000,Educación Técnica,Técnico,Si,1,2-5 Km
CM-12625,Crístofer Mayo,Soltero,30000,Educación Técnica,Obrero,Si,2,1-2 Km
OM-19780,Osvaldo Montano,Soltero,40000,Educación Técnica,Obrero,No,2,1-2 Km
CF-12280,Cristian Ferro,Casado,90000,Educación Técnica,Profesional Empleado,Si,1,2-5 Km
BU-11980,Benito Urrutia,Casado,90000,Educación Técnica,Profesional Empleado,Si,1,2-5 Km
CG-12685,Circe Grijalva,Casado,90000,Educación Técnica,Profesional Empleado,Si,1,2-5 Km
ÁU-10285,Águeda Urbina,Casado,70000,Universitario,Profesional Empleado,Si,1,0-1 Km
OB-19705,Orestes Briones,Casado,70000,Universitario,Profesional Empleado,Si,1,0-1 Km
MM-18535,Marta Manzanares,Casado,70000,Universitario,Profesional Empleado,Si,1,1-2 Km
DT-13375,Domingo Torres,Casado,70000,Universitario,Profesional Empleado,Si,1,0-1 Km
HB-15820,Hernando Baeza,Casado,70000,Universitario,Profesional Empleado,Si,1,0-1 Km
TM-21220,Tirso Marín,Casado,80000,Educación Técnica,Técnico,Si,0,0-1 Km
GC-15460,Guiomar Cuellar,Casado,70000,Universitario,Profesional Empleado,Si,1,0-1 Km
IV-16135,Iván Valle,Casado,70000,Universitario,Profesional Empleado,Si,1,1-2 Km
LV-17830,Lucía Villa,Casado,70000,Universitario,Profesional Empleado,Si,1,0-1 Km
CG-12550,Claudio Gil,Casado,70000,Universitario,Profesional Empleado,Si,1,1-2 Km
RM-20365,Rafaela Marcos,Casado,70000,Universitario,Profesional Empleado,Si,1,1-2 Km
SS-20710,Salomón Soto,Casado,70000,Universitario,Profesional Empleado,Si,1,1-2 Km
BL-11860,Bastián Luján,Casado,70000,Universitario,Profesional Empleado,Si,1,1-2 Km
AR-11170,Antonio Rubio,Casado,70000,Universitario,Profesional Empleado,Si,1,1-2 Km
LS-17560,Laia Santillán,Casado,70000,Universitario,Profesional Empleado,Si,1,0-1 Km
DS-13315,Dafne Sedillo,Casado,70000,Universitario,Profesional Empleado,Si,1,1-2 Km
GM-15280,Gisela Maya,Casado,70000,Universitario,Profesional Empleado,Si,1,1-2 Km
JL-16870,José Luís Canales,Soltero,60000,Educación Técnica,Técnico,Si,0,1-2 Km
ÚS-21430,Úrsula Soto,Casado,60000,Educación Técnica,Técnico,Si,0,0-1 Km
HQ-15730,Hortensia Quiñones,Casado,60000,Educación Técnica,Técnico,Si,0,1-2 Km
EM-14110,Esperanza Mesa,Casado,60000,Educación Técnica,Técnico,Si,0,0-1 Km
UP-21370,Urías Pantoja,Soltero,60000,Educación Técnica,Técnico,No,0,0-1 Km
AA-10150,Alonso Arévalo,Casado,60000,Educación Técnica,Técnico,Si,0,1-2 Km
GC-15160,Gloria Carrera,Soltero,60000,Educación Técnica,Técnico,Si,0,1-2 Km
SC-20740,Salvador Calderón,Soltero,60000,Educación Técnica,Técnico,No,0,0-1 Km
EV-13960,Enrique Varela,Soltero,30000,Universitario en Curso,Obrero,No,0,0-1 Km
JT-17050,Jairo Tovar,Casado,30000,Universitario en Curso,Obrero,Si,1,2-5 Km
ÓA-19750,Óscar Armendáriz,Casado,80000,Universitario,Profesional Empleado,Si,0,1-2 Km
RM-20380,Raúl Mesa,Casado,80000,Universitario,Profesional Empleado,Si,0,0-1 Km
RF-20395,Ricardo Franco,Casado,80000,Universitario,Profesional Empleado,Si,0,2-5 Km
EM-13750,Eduardo Méndez,Casado,170000,Postgrado,Profesional Empleado,Si,0,0-1 Km
AA-10555,Alina Armijo,Soltero,170000,Postgrado,Profesional Empleado,Si,0,0-1 Km
HO-15565,Haydee Ortega,Casado,70000,Universitario,Profesional Empleado,Si,0,0-1 Km
PV-20035,Petra Vergara,Soltero,70000,Universitario,Profesional Empleado,Si,0,0-1 Km
OP-19690,Onésimo Pagán,Soltero,10000,Secundario,Obrero,Si,1,0-1 Km
IC-16540,Inés Calvillo,Soltero,30000,Universitario en Curso,Obrero,No,1,1-2 Km
NJ-19420,Nilo Jaime,Casado,30000,Universitario en Curso,Obrero,Si,1,2-5 Km
DR-13615,Domingo Rivero,Soltero,10000,Secundario,Obrero,Si,2,0-1 Km
CS-13075,Cesar Sedillo,Casado,70000,Universitario,Profesional Empleado,Si,0,0-1 Km
DC-13390,David Cordero,Casado,30000,Universitario en Curso,Obrero,Si,1,2-5 Km
LB-17380,Lázaro Bernal,Soltero,80000,Universitario,Profesional Empleado,No,0,1-2 Km
NM-19315,Noé Martínez,Soltero,80000,Universitario,Profesional Empleado,No,0,0-1 Km
ÁP-10900,Ángel Prieto,Soltero,80000,Universitario,Profesional Empleado,No,1,0-1 Km
CT-12535,Cecilia Tejada,Soltero,80000,Universitario,Profesional Empleado,No,1,1-2 Km
IL-16600,Ivonne Laureano,Soltero,40000,Educación Técnica,Obrero,Si,2,0-1 Km
HO-15805,Hernando Orellana,Casado,20000,Secundario,Obrero,Si,1,2-5 Km
LC-17800,Lorena Corral,Soltero,20000,Secundario,Obrero,No,1,2-5 Km
LM-17605,Lucrecia Maldonado,Soltero,20000,Secundario,Obrero,No,2,0-1 Km
OM-19660,Ofelia Maya,Soltero,20000,Secundario,Obrero,Si,0,0-1 Km
RO-20560,René Olivo,Casado,70000,Universitario,Profesional Empleado,Si,0,0-1 Km
LV-18025,Luís Velázquez,Casado,70000,Universitario,Profesional Empleado,Si,0,0-1 Km
EL-14425,Ernesto León,Soltero,20000,Secundario,Obrero,Si,0,0-1 Km
GD-15505,Gustavo Dávila,Casado,80000,Universitario,Profesional Empleado,Si,1,2-5 Km
FM-14710,Félix Mendoza,Casado,50000,Educación Técnica,Técnico,Si,2,0-1 Km
JC-17110,Josefina Cruz,Casado,50000,Educación Técnica,Técnico,Si,2,0-1 Km
CP-12580,Constantino Padilla,Casado,50000,Educación Técnica,Técnico,Si,2,0-1 Km
AF-10120,Abril Ferrer,Soltero,20000,Secundario,Obrero,Si,1,0-1 Km
CC-12610,Carla Canales,Soltero,20000,Secundario,Obrero,Si,1,0-1 Km
FA-14905,Francisco Alonso,Soltero,20000,Secundario,Obrero,Si,2,0-1 Km
HE-15715,Herminia Enríquez,Casado,50000,Educación Técnica,Técnico,Si,2,0-1 Km
AB-11110,Aníbal Barragán,Casado,50000,Educación Técnica,Técnico,Si,2,0-1 Km
DB-13210,Daniel Barrientos,Soltero,30000,Educación Técnica,Obrero,Si,2,0-1 Km
MR-18430,Marc Romo,Soltero,20000,Secundario,Obrero,Si,1,0-1 Km
CA-12310,Camelia Almanza,Casado,50000,Educación Técnica,Técnico,Si,1,2-5 Km
CG-13015,Cristo Gámez,Casado,70000,Universitario,Profesional Independiente,Si,0,0-1 Km
AM-10315,Armando Medina,Soltero,80000,Universitario,Profesional Empleado,Si,0,0-1 Km
TD-21130,Telmo Díaz,Soltero,80000,Universitario,Profesional Empleado,Si,0,0-1 Km
TF-21070,Tacio Franco,Casado,50000,Educación Técnica,Técnico,Si,0,0-1 Km
RS-20620,Rocío Salcedo,Casado,50000,Educación Técnica,Técnico,Si,0,0-1 Km
EC-14080,Ernesto Cervantes,Casado,50000,Educación Técnica,Técnico,Si,0,0-1 Km
NP-19405,Nina Pérez,Soltero,80000,Universitario,Profesional Empleado,Si,2,0-1 Km
KC-17305,Karina Cruz,Casado,80000,Universitario,Profesional Empleado,No,2,0-1 Km
DC-13300,Dafne Canales,Casado,50000,Educación Técnica,Técnico,Si,0,0-1 Km
ES-14290,Eduardo Sierra,Soltero,80000,Universitario,Profesional Empleado,Si,2,0-1 Km
RM-20410,Reinaldo Mireles,Soltero,80000,Universitario,Profesional Empleado,Si,0,0-1 Km
DC-13180,Dalma Comejo,Soltero,20000,Secundario,Obrero,No,1,2-5 Km
JB-16690,Jennifer Botello,Soltero,20000,Secundario,Obrero,Si,1,2-5 Km
MT-18520,Marta Tovar,Soltero,20000,Secundario,Obrero,Si,2,0-1 Km
AL-10570,Alejo Lugo,Soltero,20000,Secundario,Obrero,Si,3,0-1 Km
AP-11650,Avelino Pedroza,Casado,50000,Educación Técnica,Técnico,Si,0,0-1 Km
JU-16765,Jessica Ulloa,Soltero,80000,Universitario,Profesional Empleado,Si,2,0-1 Km
AB-10045,Adolfo Barraza,Soltero,80000,Universitario,Profesional Empleado,Si,3,0-1 Km
LM-17995,Lorenzo Mata,Soltero,20000,Secundario,Obrero,No,1,1-2 Km
PA-20080,Prudencio Alfaro,Soltero,80000,Universitario,Profesional Empleado,No,1,2-5 Km
WL-21760,Wendy Leiva,Soltero,80000,Universitario,Profesional Empleado,Si,1,2-5 Km
EP-13780,Elena Padrón,Soltero,80000,Universitario,Profesional Empleado,No,1,2-5 Km
AS-10495,Ainhoa Saavedra,Soltero,80000,Universitario,Profesional Empleado,No,1,0-1 Km
LV-18055,Luján Valdés,Soltero,80000,Universitario,Profesional Empleado,Si,1,2-5 Km
EA-14275,Emanuel Almaraz,Soltero,20000,Secundario,Obrero,No,1,1-2 Km
IM-16225,Isidoro Muñoz,Soltero,50000,Educación Técnica,Obrero,No,2,0-1 Km
RC-20605,Rocío Chávez,Soltero,20000,Secundario,Obrero,Si,1,2-5 Km
ÁO-11050,Ángeles Ornelas,Soltero,20000,Secundario,Obrero,No,1,5-10 Km
FL-14845,Francisco Loera,Soltero,80000,Universitario,Profesional Empleado,No,1,0-1 Km
LC-18010,Lola Cavazos,Soltero,80000,Universitario,Profesional Empleado,No,1,0-1 Km
ML-18790,Melanio Lerma,Casado,60000,Educación Técnica,Obrero,No,1,2-5 Km
BE-11800,Bautista Espino,Soltero,60000,Educación Técnica,Obrero,No,2,0-1 Km
AJ-11065,Angélica Jáquez,Soltero,80000,Universitario,Profesional Empleado,No,1,0-1 Km
MC-18880,Miguel Curiel,Soltero,80000,Universitario,Profesional Empleado,No,1,2-5 Km
PS-19855,Pancho Saavedra,Casado,50000,Educación Técnica,Técnico,Si,0,1-2 Km
IR-16480,Ida Ramos,Casado,50000,Educación Técnica,Técnico,Si,0,1-2 Km
AL-11635,Antonio Lerma,Soltero,60000,Educación Técnica,Técnico,No,0,0-1 Km
SE-20860,Samuel Escobar,Casado,60000,Educación Técnica,Técnico,Si,0,1-2 Km
MR-18985,Melinda Ramos,Soltero,50000,Educación Técnica,Técnico,Si,0,1-2 Km
AG-11095,Ania Gámez,Soltero,50000,Educación Técnica,Técnico,Si,0,0-1 Km
CM-12415,Casimira Marín,Soltero,50000,Educación Técnica,Técnico,No,0,0-1 Km
CM-12790,Cruz Muñoz,Casado,50000,Educación Técnica,Técnico,Si,0,0-1 Km
IL-16390,Ignacio Liébanas,Soltero,50000,Educación Técnica,Técnico,Si,0,1-2 Km
KB-17260,Koldo Bernal,Soltero,50000,Educación Técnica,Técnico,Si,0,1-2 Km
DB-13330,Darío Briones,Casado,50000,Educación Técnica,Técnico,Si,0,1-2 Km
NS-19465,Noelia Salas,Casado,50000,Educación Técnica,Técnico,Si,0,0-1 Km
GV-15100,Gerardo Viera,Casado,60000,Educación Técnica,Técnico,Si,0,0-1 Km
VH-21640,Víctor Huerta,Soltero,50000,Educación Técnica,Técnico,Si,0,1-2 Km
VP-21700,Virgilio Puertas,Soltero,50000,Educación Técnica,Técnico,Si,3,10+ Km
AJ-11695,Alina Jasón,Casado,60000,Educación Técnica,Técnico,Si,0,0-1 Km
AB-10720,Alejandra Banda,Casado,60000,Educación Técnica,Técnico,Si,0,0-1 Km
MT-18235,Maya Tapia,Casado,60000,Educación Técnica,Técnico,Si,0,1-2 Km
FV-14620,Flavia Valles,Casado,50000,Educación Técnica,Técnico,Si,0,0-1 Km
IL-16510,Isolda Lucero,Casado,60000,Educación Técnica,Técnico,Si,0,2-5 Km
HN-15940,Horacio Nino,Casado,60000,Educación Técnica,Técnico,Si,0,2-5 Km
EA-13765,Elena Argüello,Soltero,160000,Postgrado,Profesional Independiente,Si,0,2-5 Km
HC-15865,Higinia Concepción,Casado,90000,Postgrado,Profesional Independiente,Si,0,2-5 Km
NP-19540,Nuri Pizarro,Casado,90000,Postgrado,Profesional Independiente,Si,0,0-1 Km
TS-21235,Triana Santacruz,Casado,90000,Postgrado,Profesional Independiente,Si,0,2-5 Km
GB-15415,Grecia Batista,Casado,50000,Educación Técnica,Técnico,Si,0,2-5 Km
FA-14770,Flora Armijo,Casado,50000,Educación Técnica,Técnico,Si,0,0-1 Km
CC-12520,Cecilia Cervantes,Casado,50000,Educación Técnica,Técnico,Si,1,2-5 Km
NV-19180,Narciso Vallés,Casado,50000,Educación Técnica,Técnico,Si,1,2-5 Km
FP-14605,Flavia Pelayo,Soltero,50000,Educación Técnica,Técnico,Si,0,2-5 Km
KA-17365,Kristopher Altamira,Soltero,50000,Educación Técnica,Técnico,Si,0,2-5 Km
LS-17890,Lina Sevilla,Soltero,50000,Educación Técnica,Técnico,Si,0,2-5 Km
DS-13450,Diana Serna,Soltero,50000,Educación Técnica,Técnico,No,0,0-1 Km
AP-10675,Alexis Ponce,Soltero,160000,Postgrado,Profesional Independiente,Si,0,2-5 Km
DC-13405,Dora Cintas,Casado,160000,Postgrado,Profesional Independiente,Si,0,2-5 Km
EB-14005,Emilia Becerra,Casado,160000,Postgrado,Profesional Independiente,Si,0,0-1 Km
IE-16255,Inmaculada Escobar,Casado,160000,Postgrado,Profesional Independiente,Si,0,2-5 Km
VL-21670,Vicente Leiva,Casado,160000,Postgrado,Profesional Independiente,Si,0,0-1 Km
IC-16210,Isaac Cazares,Soltero,160000,Postgrado,Profesional Independiente,Si,0,2-5 Km
IA-16270,Inocencio Arce,Casado,160000,Postgrado,Profesional Independiente,Si,0,2-5 Km
MM-18475,Marina Marrero,Soltero,90000,Postgrado,Profesional Independiente,Si,0,2-5 Km
AG-10660,Alexia Garza,Casado,90000,Postgrado,Profesional Independiente,Si,0,2-5 Km
CS-12595,Constantina Sepúlveda,Casado,90000,Postgrado,Profesional Independiente,Si,0,2-5 Km
LP-17725,Lía Pabón,Casado,160000,Postgrado,Profesional Independiente,Si,0,0-1 Km
EV-14155,Esteban Velázquez,Soltero,160000,Postgrado,Profesional Independiente,Si,0,2-5 Km
HE-15895,Homero Elizondo,Casado,160000,Postgrado,Profesional Independiente,Si,0,2-5 Km
JR-16840,Jon Rascón,Soltero,160000,Postgrado,Profesional Independiente,Si,0,2-5 Km
JC-17035,Jairo Castelo,Soltero,160000,Postgrado,Profesional Independiente,Si,0,2-5 Km
MU-18955,Montano Uribarri,Casado,90000,Postgrado,Profesional Independiente,Si,0,0-1 Km
FJ-14830,Fernanda Juárez,Soltero,90000,Postgrado,Profesional Independiente,Si,0,2-5 Km
HF-15880,Hipólito Fuentes,Casado,90000,Postgrado,Profesional Independiente,Si,0,2-5 Km
HC-15835,Humberto Chavarría,Casado,80000,Postgrado,Profesional Independiente,Si,0,0-1 Km
VG-21655,Violeta Galindo,Casado,70000,Educación Técnica,Técnico,Si,1,2-5 Km
LV-17575,Lourdes Villegas,Soltero,70000,Educación Técnica,Técnico,Si,1,2-5 Km
MA-18415,Mariano Alejandro,Soltero,70000,Educación Técnica,Técnico,Si,1,2-5 Km
EA-14185,Eugenio Aranda,Soltero,70000,Educación Técnica,Técnico,Si,1,2-5 Km
MV-18310,Marcial Valdés,Soltero,60000,Educación Técnica,Técnico,No,0,0-1 Km
QG-20185,Quintín Guajardo,Casado,60000,Educación Técnica,Técnico,Si,1,2-5 Km
BS-12085,Brígida Sierra,Soltero,60000,Educación Técnica,Técnico,Si,1,0-1 Km
ÓA-19735,Óscar Alba,Casado,160000,Postgrado,Profesional Independiente,Si,0,2-5 Km
HD-15790,Herminio Díaz,Soltero,90000,Postgrado,Profesional Independiente,Si,0,2-5 Km
CL-12640,Cintio Luján,Casado,80000,Postgrado,Profesional Independiente,Si,0,0-1 Km
MO-18700,Melisa Olivo,Soltero,160000,Postgrado,Profesional Independiente,Si,0,2-5 Km
FC-14950,Federico Carballo,Casado,90000,Postgrado,Profesional Independiente,Si,0,2-5 Km
AG-10510,Aisa Guardado,Casado,90000,Postgrado,Profesional Independiente,Si,2,2-5 Km
AE-11380,Araceli Echevarría,Casado,90000,Postgrado,Profesional Independiente,Si,2,0-1 Km
PN-20005,Pedro Nino,Casado,90000,Postgrado,Profesional Independiente,Si,2,2-5 Km
AG-11395,Amalia García,Casado,90000,Postgrado,Profesional Independiente,No,2,0-1 Km
MQ-18835,Modesto Quiñones,Casado,80000,Postgrado,Profesional Independiente,Si,0,0-1 Km
PE-20125,Pura Esquivel,Soltero,70000,Universitario,Profesional Independiente,No,1,2-5 Km
DV-13540,Darío Vallejo,Casado,70000,Universitario,Profesional Independiente,No,1,0-1 Km
MM-18625,Maximiliano Méndez,Soltero,70000,Universitario,Profesional Independiente,No,1,2-5 Km
LÁ-17620,León Ávila,Soltero,70000,Universitario,Profesional Independiente,No,1,0-1 Km
CA-12250,Cayetano Aparicio,Soltero,80000,Educación Técnica,Técnico,Si,2,2-5 Km
CD-12265,Cándido Dávila,Casado,80000,Educación Técnica,Técnico,Si,2,2-5 Km
EP-14215,Evaristo Pérez,Casado,160000,Postgrado,Profesional Independiente,Si,0,2-5 Km
MA-18925,Mirna Aparicio,Soltero,70000,Universitario,Profesional Independiente,No,1,2-5 Km
PT-19885,Pastora Toro,Casado,70000,Universitario,Profesional Independiente,No,1,0-1 Km
TV-21160,Telma Valdomero,Soltero,50000,Educación Técnica,Técnico,No,2,0-1 Km
HR-15775,Herendiara Rico,Casado,50000,Educación Técnica,Técnico,Si,4,10+ Km
KA-17215,Karmele Andante,Casado,50000,Educación Técnica,Técnico,Si,3,5-10 Km
RV-20500,Regina Vega,Soltero,50000,Educación Técnica,Técnico,Si,3,5-10 Km
AC-10930,Anabel Caraballo,Casado,50000,Educación Técnica,Técnico,Si,2,0-1 Km
AÁ-10015,Abel Ángel,Casado,50000,Educación Técnica,Técnico,Si,2,2-5 Km
BC-11740,Bartolomé Camacho,Soltero,60000,Educación Técnica,Técnico,No,2,0-1 Km
MF-18490,Marlén Farías,Soltero,90000,Universitario,Profesional Independiente,No,2,0-1 Km
HT-16015,Hugo Tomás,Casado,90000,Universitario,Profesional Independiente,Si,2,2-5 Km
JM-16780,Juana Madera,Soltero,90000,Universitario,Profesional Independiente,Si,2,0-1 Km
MF-18280,Magdalena Farías,Soltero,90000,Universitario,Profesional Independiente,No,1,0-1 Km
WR-21835,William Roldán,Soltero,90000,Universitario,Profesional Independiente,No,1,2-5 Km
HG-16060,Hugo Gámez,Soltero,160000,Postgrado,Profesional Independiente,Si,0,2-5 Km
GA-15040,Gema Acosta,Casado,90000,Universitario,Profesional Independiente,Si,2,2-5 Km
AG-11260,Adrián Gálvez,Soltero,90000,Universitario,Profesional Independiente,Si,3,0-1 Km
KA-17125,Kevin Alejandro,Soltero,90000,Universitario,Profesional Independiente,Si,3,2-5 Km
DG-13195,Damiana Guardado,Soltero,160000,Postgrado,Profesional Independiente,No,0,0-1 Km
SP-20950,Silvia Pérez,Casado,50000,Educación Técnica,Técnico,Si,2,2-5 Km
HP-15580,Herminia Páez,Soltero,70000,Universitario,Profesional Independiente,No,1,0-1 Km
EM-14455,Esmeralda Montenegro,Casado,70000,Universitario en Curso,Técnico,Si,1,2-5 Km
AG-11155,Antonia Gallardo,Casado,70000,Universitario en Curso,Técnico,Si,1,0-1 Km
QC-20140,Queta Carmona,Casado,70000,Universitario en Curso,Técnico,Si,1,2-5 Km
EC-13840,Elisa Collazo,Casado,70000,Universitario en Curso,Técnico,Si,1,2-5 Km
CS-13090,Cora Sánchez,Soltero,50000,Educación Técnica,Técnico,Si,2,2-5 Km
NA-19510,Norma Alemán,Casado,60000,Universitario en Curso,Técnico,No,1,0-1 Km
ET-13930,Emilio Tejeda,Casado,60000,Universitario en Curso,Técnico,Si,1,0-1 Km
OM-19720,Oriol Montes,Casado,50000,Educación Técnica,Técnico,Si,2,2-5 Km
GA-15355,Goratze Almaraz,Casado,50000,Educación Técnica,Técnico,Si,2,2-5 Km
MP-19000,Mónica Pelayo,Casado,50000,Educación Técnica,Técnico,Si,2,0-1 Km
EM-14500,Eulalia Márquez,Casado,60000,Universitario en Curso,Técnico,Si,1,0-1 Km
RM-20455,Rocío Medina,Soltero,70000,Universitario en Curso,Técnico,No,1,2-5 Km
RP-20320,Raimon Pineda,Soltero,70000,Universitario en Curso,Técnico,No,1,2-5 Km
AS-10375,Asunción Soto,Soltero,70000,Universitario en Curso,Técnico,No,1,0-1 Km
LC-17485,Leticia Castillo,Soltero,70000,Universitario en Curso,Técnico,No,1,2-5 Km
MS-18655,Mauricio Salgado,Soltero,160000,Postgrado,Profesional Independiente,No,1,0-1 Km
AB-11350,Anselmo Batista,Casado,60000,Universitario en Curso,Técnico,Si,1,2-5 Km
AG-10450,Anselmo Guardado,Casado,60000,Universitario en Curso,Técnico,Si,1,2-5 Km
IC-16420,Isabel Coronado,Casado,60000,Universitario en Curso,Técnico,Si,1,2-5 Km
RB-20230,Raquel Barreto,Casado,60000,Universitario en Curso,Técnico,Si,1,2-5 Km
YA-21865,Yasmina Alfaro,Casado,60000,Universitario en Curso,Técnico,Si,1,2-5 Km
EB-14245,Eugenia Burgos,Casado,60000,Universitario en Curso,Técnico,Si,1,2-5 Km
JM-16645,Jorge Montero,Casado,60000,Universitario en Curso,Técnico,No,1,0-1 Km
AQ-11020,Andrés Quintero,Casado,60000,Universitario en Curso,Técnico,Si,1,0-1 Km
VA-21595,Violeta Arnelas,Casado,60000,Universitario en Curso,Técnico,No,1,0-1 Km
RC-20305,Raimon Chavarría,Casado,90000,Universitario,Profesional Independiente,Si,0,2-5 Km
ED-14065,Elba Durán,Casado,90000,Universitario,Profesional Independiente,Si,0,2-5 Km
KP-17230,Katia Pino,Casado,90000,Postgrado,Profesional Independiente,Si,1,0-1 Km
JZ-16930,Juana Zaragoza,Casado,90000,Postgrado,Profesional Independiente,No,3,10+ Km
LA-18040,Loyola Alba,Casado,80000,Postgrado,Profesional Independiente,Si,0,0-1 Km
FG-14935,Federico García,Soltero,90000,Universitario,Profesional Independiente,No,1,0-1 Km
DA-13495,Diego Avilés,Casado,90000,Universitario,Profesional Independiente,Si,1,0-1 Km
RQ-20470,Rocío Quesada,Casado,90000,Universitario,Profesional Independiente,Si,1,2-5 Km
AR-11605,Alejandra Reina,Casado,90000,Universitario,Profesional Independiente,Si,1,0-1 Km
CV-13000,Cristina Vázquez,Soltero,90000,Universitario,Profesional Independiente,Si,1,2-5 Km
HA-16075,Higinio Anguiano,Casado,90000,Postgrado,Profesional Independiente,Si,1,2-5 Km
IA-16195,Israel Alcaraz,Casado,90000,Postgrado,Profesional Independiente,Si,1,0-1 Km
HO-15595,Higinio Ojeda,Casado,80000,Secundario,Comerciante,No,1,0-1 Km
HP-15910,Homero Paredes,Casado,90000,Universitario,Profesional Independiente,Si,1,0-1 Km
YS-21925,Yolanda Saavedra,Casado,80000,Secundario,Comerciante,Si,1,0-1 Km
VC-21745,Viviana Cárdenas,Casado,80000,Secundario,Comerciante,Si,1,0-1 Km
GD-15145,Gaspar Dávila,Casado,80000,Secundario,Comerciante,Si,1,0-1 Km
AT-11425,Aurelio Torres,Casado,90000,Universitario,Profesional Independiente,Si,0,0-1 Km
SB-20905,Sebastián Botello,Casado,90000,Universitario,Profesional Independiente,Si,1,2-5 Km
EC-13795,Eleonor Carranza,Soltero,90000,Universitario,Profesional Independiente,No,1,0-1 Km
EL-14350,Eva Lara,Casado,70000,Universitario,Profesional Independiente,Si,3,10+ Km
JD-16630,Justo Díaz,Casado,70000,Universitario,Profesional Independiente,Si,3,10+ Km
AC-10540,Alan Cadena,Casado,110000,Secundario,Comerciante,No,1,0-1 Km
DP-13570,Daniel Pabón,Casado,70000,Universitario,Profesional Independiente,Si,4,10+ Km
OG-19615,Oliver Galindo,Soltero,70000,Universitario,Profesional Independiente,Si,4,10+ Km
AV-10585,Adrián Valentín,Casado,70000,Universitario,Profesional Independiente,Si,4,10+ Km
EC-13870,Edith Callas,Casado,80000,Postgrado,Comerciante,Si,2,0-1 Km
AM-10630,Alejo Mondragón,Soltero,80000,Secundario,Comerciante,Si,3,0-1 Km
MA-18670,Melania Acevedo,Casado,80000,Universitario,Profesional Independiente,Si,3,0-1 Km
NB-19135,Nadia Badillo,Soltero,90000,Universitario,Profesional Independiente,No,0,2-5 Km
EO-14440,Estefanía Ortiz,Soltero,90000,Universitario,Profesional Independiente,No,0,2-5 Km
EC-14095,Estefanía Castelo,Casado,90000,Universitario,Profesional Independiente,Si,0,1-2 Km
EH-13915,Emilio Huertas,Soltero,50000,Educación Técnica,Técnico,Si,0,0-1 Km
GT-15220,Gregoria Tristán,Soltero,50000,Educación Técnica,Técnico,No,0,1-2 Km
NA-19195,Natasha Arévalo,Soltero,50000,Educación Técnica,Técnico,No,0,1-2 Km
AR-11590,Atila Riojas,Casado,50000,Educación Técnica,Técnico,Si,0,1-2 Km
UÁ-21325,Ubaldo Ávalos,Soltero,50000,Educación Técnica,Técnico,Si,0,1-2 Km
AO-10810,Amalia Osorio,Casado,50000,Educación Técnica,Técnico,Si,0,0-1 Km
BA-12175,Bruna Almonte,Soltero,50000,Educación Técnica,Técnico,Si,0,0-1 Km
KM-17185,Katia Montalvo,Casado,50000,Educación Técnica,Técnico,Si,0,1-2 Km
AP-11620,Aureliano Pizarro,Soltero,50000,Educación Técnica,Técnico,Si,0,0-1 Km
FB-14965,Froilán Barrera,Soltero,60000,Educación Técnica,Técnico,Si,0,0-1 Km
FN-14875,Florinda Negrón,Soltero,60000,Educación Técnica,Técnico,Si,0,1-2 Km
QM-20170,Queralt Mota,Soltero,60000,Educación Técnica,Técnico,Si,0,0-1 Km
YP-21895,Yasir Pizarro,Casado,60000,Educación Técnica,Técnico,Si,0,0-1 Km
JM-16825,Joaquina Meraz,Casado,60000,Educación Técnica,Técnico,Si,0,0-1 Km
ID-16345,Irati Domínguez,Casado,60000,Educación Técnica,Técnico,Si,0,0-1 Km
LB-17545,Laia Batista,Casado,50000,Educación Técnica,Técnico,Si,0,0-1 Km
ÍL-16330,Íñigo Leal,Casado,50000,Educación Técnica,Técnico,Si,0,0-1 Km
AS-10855,América Santiago,Soltero,60000,Educación Técnica,Técnico,Si,0,2-5 Km
NP-19225,Natalia Pulido,Casado,60000,Educación Técnica,Técnico,Si,0,2-5 Km
CR-12805,Cristóbal Roque,Soltero,90000,Postgrado,Profesional Independiente,Si,0,2-5 Km
EC-14380,Ester Cisneros,Casado,50000,Educación Técnica,Técnico,Si,0,2-5 Km
MA-18610,Marga Alcántara,Casado,50000,Educación Técnica,Técnico,Si,0,2-5 Km
JS-16810,Joaquín Saenz,Casado,160000,Postgrado,Profesional Independiente,Si,0,0-1 Km
HC-15535,Hernán Callas,Casado,50000,Educación Técnica,Técnico,Si,1,0-1 Km
DB-13600,Domingo Barrios,Casado,50000,Educación Técnica,Técnico,Si,1,2-5 Km
